{"cameraMode":{"drawMode":0,"name":"Shaded","section":"Shading Mode"},"sceneLighting":false,"audioPlay":false,"sceneViewState":{"showFog":true,"showMaterialUpdate":false,"showSkybox":false,"showFlares":true,"showImageEffects":true,"showParticleSystems":true},"in2DMode":false,"pivot":{"x":-0.6408402919769287,"y":-0.37644243240356448,"z":0.294144868850708},"rotation":{"x":0.5208614468574524,"y":-0.03583063557744026,"z":0.02188904397189617,"w":0.8526084423065186},"size":2.986212730407715,"orthographic":false}