{"cameraMode":{"drawMode":0,"name":"Shaded","section":"Shading Mode"},"sceneLighting":true,"audioPlay":false,"sceneViewState":{"showFog":true,"showMaterialUpdate":false,"showSkybox":true,"showFlares":true,"showImageEffects":true,"showParticleSystems":true},"in2DMode":false,"pivot":{"x":-0.0927920937538147,"y":-0.5007152557373047,"z":0.23120474815368653},"rotation":{"x":0.36188873648643496,"y":-0.1073233038187027,"z":0.04198502376675606,"w":0.9250704646110535},"size":2.2081029415130617,"orthographic":false}