{"cameraMode":{"drawMode":0,"name":"Shaded","section":"Shading Mode"},"sceneLighting":false,"audioPlay":false,"sceneViewState":{"showFog":true,"showMaterialUpdate":false,"showSkybox":false,"showFlares":true,"showImageEffects":true,"showParticleSystems":true},"in2DMode":false,"pivot":{"x":-0.5812454223632813,"y":0.1927659511566162,"z":1.0107421875},"rotation":{"x":0.5343515872955322,"y":-0.0771036371588707,"z":0.04903008043766022,"w":0.8403096199035645},"size":5.000818729400635,"orthographic":false}