{"cameraMode":{"drawMode":0,"name":"Shaded","section":"Shading Mode"},"sceneLighting":true,"audioPlay":false,"sceneViewState":{"showFog":true,"showMaterialUpdate":false,"showSkybox":true,"showFlares":true,"showImageEffects":true,"showParticleSystems":true},"in2DMode":false,"pivot":{"x":-3.3744077682495119,"y":-3.726215124130249,"z":0.4087671637535095},"rotation":{"x":0.09342034161090851,"y":-0.6950996518135071,"z":0.09186410903930664,"w":0.706873893737793},"size":45.62544631958008,"orthographic":false}