{"cameraMode":{"drawMode":0,"name":"Shaded","section":"Shading Mode"},"sceneLighting":false,"audioPlay":false,"sceneViewState":{"showFog":true,"showMaterialUpdate":false,"showSkybox":false,"showFlares":true,"showImageEffects":true,"showParticleSystems":true},"in2DMode":false,"pivot":{"x":0.010241568088531495,"y":1.5899996757507325,"z":-0.0024967193603515627},"rotation":{"x":0.3821318447589874,"y":-0.13918931782245637,"z":0.05834002047777176,"w":0.9117006659507752},"size":4.983915328979492,"orthographic":false}