{"cameraMode":{"drawMode":0,"name":"Shaded","section":"Shading Mode"},"sceneLighting":false,"audioPlay":false,"sceneViewState":{"showFog":true,"showMaterialUpdate":false,"showSkybox":false,"showFlares":true,"showImageEffects":true,"showParticleSystems":true},"in2DMode":false,"pivot":{"x":-1.289294719696045,"y":3.600620746612549,"z":-0.937990665435791},"rotation":{"x":0.08205360174179077,"y":-0.8760761022567749,"z":0.16077721118927003,"w":0.4471110999584198},"size":5.164078712463379,"orthographic":false}