{"cameraMode":{"drawMode":0,"name":"Shaded","section":"Shading Mode"},"sceneLighting":false,"audioPlay":false,"sceneViewState":{"showFog":true,"showMaterialUpdate":false,"showSkybox":false,"showFlares":true,"showImageEffects":true,"showParticleSystems":true},"in2DMode":false,"pivot":{"x":0.1525721549987793,"y":1.169358253479004,"z":-0.09710288047790528},"rotation":{"x":0.1143755093216896,"y":0.8651918172836304,"z":-0.430815726518631,"w":0.22969669103622437},"size":3.858469247817993,"orthographic":false}