{"cameraMode":{"drawMode":0,"name":"Shaded","section":"Shading Mode"},"sceneLighting":false,"audioPlay":false,"sceneViewState":{"showFog":true,"showMaterialUpdate":false,"showSkybox":false,"showFlares":true,"showImageEffects":true,"showParticleSystems":true},"in2DMode":false,"pivot":{"x":-1.6238813400268555,"y":0.9665570259094238,"z":0.9030264019966126},"rotation":{"x":0.3052540421485901,"y":-0.6287276744842529,"z":0.2944582402706146,"w":0.6517793536186218},"size":3.5008182525634767,"orthographic":false}