{"cameraMode":{"drawMode":0,"name":"Shaded","section":"Shading Mode"},"sceneLighting":false,"audioPlay":false,"sceneViewState":{"showFog":true,"showMaterialUpdate":false,"showSkybox":false,"showFlares":true,"showImageEffects":true,"showParticleSystems":true},"in2DMode":false,"pivot":{"x":-0.5812454223632813,"y":0.19827400147914887,"z":1.0107421875},"rotation":{"x":0.1143755093216896,"y":0.8651918172836304,"z":-0.430815726518631,"w":0.22969669103622437},"size":5.000460624694824,"orthographic":false}