{"cameraMode":{"drawMode":0,"name":"Shaded","section":"Shading Mode"},"sceneLighting":false,"audioPlay":false,"sceneViewState":{"showFog":true,"showMaterialUpdate":false,"showSkybox":false,"showFlares":true,"showImageEffects":true,"showParticleSystems":true},"in2DMode":false,"pivot":{"x":-0.029999971389770509,"y":-2.0013551712036135,"z":-0.009999990463256836},"rotation":{"x":0.3659045994281769,"y":-0.07526208460330963,"z":0.029703259468078615,"w":0.9271286129951477},"size":5.000492572784424,"orthographic":false}