{"cameraMode":{"drawMode":0,"name":"Shaded","section":"Shading Mode"},"sceneLighting":false,"audioPlay":false,"sceneViewState":{"showFog":true,"showMaterialUpdate":false,"showSkybox":false,"showFlares":true,"showImageEffects":true,"showParticleSystems":true},"in2DMode":false,"pivot":{"x":-0.3662984371185303,"y":0.299652099609375,"z":0.07359206676483154},"rotation":{"x":-0.3030383884906769,"y":-0.6907076239585877,"z":0.40506696701049807,"w":-0.5167315602302551},"size":3.835031509399414,"orthographic":false}