{"cameraMode":{"drawMode":0,"name":"Shaded","section":"Shading Mode"},"sceneLighting":false,"audioPlay":false,"sceneViewState":{"showFog":true,"showMaterialUpdate":false,"showSkybox":false,"showFlares":true,"showImageEffects":true,"showParticleSystems":true},"in2DMode":false,"pivot":{"x":-2.5789074897766115,"y":0.4376950263977051,"z":0.5190057754516602},"rotation":{"x":0.1836477518081665,"y":-0.7290745973587036,"z":0.21478913724422456,"w":0.6233696937561035},"size":4.675929546356201,"orthographic":false}